"Brazil Rio De Janeiro","Brazil Rio De Janeiro","LOCATION"
"Chief of Staff of US Air Force","Chief of Staff of US Air Force","LOCATION"
"AMCOMSUL DHAHRAN","AMCOMSUL DHAHRAN","LOCATION"
"Secretary of State","Secretary of State","LOCATION"
"Pakistan Islamabad","Pakistan Islamabad","LOCATION"
"France Paris","France Paris","LOCATION"
"Iraq Baghdad","Iraq Baghdad","LOCATION"
"India New Delhi","India New Delhi","LOCATION"
"Afghanistan Kabul","Afghanistan Kabul","LOCATION"
"Russia Moscow","Russia Moscow","LOCATION"
"Israel Jerusalem","Israel Jerusalem","LOCATION"
"Commander in Chief United States Southern Command Canal Zone","Commander in Chief United States Southern Command Canal Zone","LOCATION"
"Italy Rome","Italy Rome","LOCATION"
"DEPTOTREAS","DEPTOTREAS","LOCATION"
"Brazil Brasilia","Brazil Brasilia","LOCATION"
"Egypt Cairo","Egypt Cairo","LOCATION"
"Commander in Chief European Command Vaihingen Germany","Commander in Chief European Command Vaihingen Germany","LOCATION"
"Djibouti Djibouti","Djibouti Djibouti","LOCATION"
"Ethiopia Addis Ababa","Ethiopia Addis Ababa","LOCATION"
"Belgium Brussels","Belgium Brussels","LOCATION"
"Israel Tel Aviv","Israel Tel Aviv","LOCATION"
"EUCOM VAIHINGEN GE","EUCOM VAIHINGEN GE","LOCATION"
"AMCONSUL JEDDAH","AMCONSUL JEDDAH","LOCATION"
"Algeria Algiers","Algeria Algiers","LOCATION"
"Bahrain Manama","Bahrain Manama","LOCATION"
"Cyprus Nicosia","Cyprus Nicosia","LOCATION"
"Egypt Alexandria","Egypt Alexandria","LOCATION"
"Benin Cotonou","Benin Cotonou","LOCATION"
"CUS","CUS","LOCATION"
"AMMAN POUCH","AMMAN POUCH","LOCATION"
"Niger Niamey","Niger Niamey","LOCATION"
"Bolivia La Paz","Bolivia La Paz","LOCATION"
"Central Intelligence Agency","Central Intelligence Agency","LOCATION"
"Canada Montreal","Canada Montreal","LOCATION"
"Nigeria Lagos","Nigeria Lagos","LOCATION"
"Ireland Dublin","Ireland Dublin","LOCATION"
"GULF WAR COLLECTIVE","GULF WAR COLLECTIVE","LOCATION"
"Australia Canberra","Australia Canberra","LOCATION"
"GULF-WAR COLLECTIVE","GULF-WAR COLLECTIVE","LOCATION"
"AMCONSUL EDINBUGH POUCH","AMCONSUL EDINBUGH POUCH","LOCATION"
"Group Destinations All American Diplomatic Posts","Group Destinations All American Diplomatic Posts","LOCATION"
"Canada Calgary","Canada Calgary","LOCATION"
"BANDKOK","BANDKOK","LOCATION"
"Group Destinations All European Diplomatic Posts","Group Destinations All European Diplomatic Posts","LOCATION"
"Austria Vienna","Austria Vienna","LOCATION"
"Democratic Republic of the Congo Kinshasa","Democratic Republic of the Congo Kinshasa","LOCATION"
"-- Neo4j N/A or Blank --","-- N/A or Blank --","LOCATION"
"Defense Intelligence Agency","Defense Intelligence Agency","LOCATION"
"Burundi Bujumbura","Burundi Bujumbura","LOCATION"
"US Delegation Secretary","US Delegation Secretary","LOCATION"
"39TACG INCIRLIK TU CC PA","39TACG INCIRLIK TU CC PA","LOCATION"
"India Chennai","India Chennai","LOCATION"
"BELO HORIZONTE POUCH","BELO HORIZONTE POUCH","LOCATION"
"Commander in Chief US Pacific Command","Commander in Chief US Pacific Command","LOCATION"
"Netherlands The Hague","Netherlands The Hague","LOCATION"
"Syria Damascus","Syria Damascus","LOCATION"
"India Kolkata","India Kolkata","LOCATION"
"ALL POLADS COLLECTIVE","ALL POLADS COLLECTIVE","LOCATION"
"AMEMBSSY SINGAPORE","AMEMBSSY SINGAPORE","LOCATION"
"Botswana Gaborone","Botswana Gaborone","LOCATION"
"Tunisia Tunis","Tunisia Tunis","LOCATION"
"Jordan Amman","Jordan Amman","LOCATION"
"Mauritania Nouakchott","Mauritania Nouakchott","LOCATION"
"Commander Middle East Forces","Commander Middle East Forces","LOCATION"
"Morocco Casablanca","Morocco Casablanca","LOCATION"
"COMUSKOREA SEOUL KS CJ-CT","COMUSKOREA SEOUL KS CJ-CT","LOCATION"
"GULFWAR COLLECTIVE","GULFWAR COLLECTIVE","LOCATION"
"Commander in Chief Atlantic Command Norfolk Virginia","Commander in Chief Atlantic Command Norfolk Virginia","LOCATION"
"Group Destinations Arab Israeli Collective","Group Destinations Arab Israeli Collective","LOCATION"
"Germany Bonn","Germany Bonn","LOCATION"
"AMCONSUL CHENGDU","AMCONSUL CHENGDU","LOCATION"
"Nigeria Kaduna","Nigeria Kaduna","LOCATION"
"China Beijing","China Beijing","LOCATION"
"European Community Collective","European Community Collective","LOCATION"
"Turkey Adana","Turkey Adana","LOCATION"
"AMCONSUL CHENGDU POUCH)","AMCONSUL CHENGDU POUCH)","LOCATION"
"Canada Ottawa","Canada Ottawa","LOCATION"
"CJTFME","CJTFME","LOCATION"
"China Guangzhou","China Guangzhou","LOCATION"
"Neo4jAIT","AIT","LOCATION"
"Chile Santiago","Chile Santiago","LOCATION"
"Greece Athens","Greece Athens","LOCATION"
"AMEMBSSY TUNIS","AMEMBSSY TUNIS","LOCATION"
"Secretary of Defense","Secretary of Defense","LOCATION"
"Chad N''Djamena","Chad N''Djamena","LOCATION"
"North Atlantic Treaty Organization (NATO)","North Atlantic Treaty Organization (NATO)","LOCATION"
"Mozambique Maputo","Mozambique Maputo","LOCATION"
"Colombia Bogotá","Colombia Bogotá","LOCATION"
"AMCONSUL LENINGARD","AMCONSUL LENINGARD","LOCATION"
"AMREP POUCH","AMREP POUCH","LOCATION"
"Organisation for Economic Co-operation and Development (Paris)","Organisation for Economic Co-operation and Development (Paris)","LOCATION"
"CONTADORA COLLECTIVE","CONTADORA COLLECTIVE","LOCATION"
"Romania Bucharest","Romania Bucharest","LOCATION"
"Russia Moscow Political Collective","Russia Moscow Political Collective","LOCATION"
"Oman Muscat","Oman Muscat","LOCATION"
"ARAB LEAGUE COL","ARAB LEAGUE COL","LOCATION"
"Department of State Secretary of State Aboard Aircraft","Department of State Secretary of State Aboard Aircraft","LOCATION"
"Group Destinations All NATO Capitals","Group Destinations All NATO Capitals","LOCATION"
"AFOSI DISTRICT 68 TORREJON AFB SP","AFOSI DISTRICT 68 TORREJON AFB SP","LOCATION"
"CDRUSARPAC FT SHAFTER HI","CDRUSARPAC FT SHAFTER HI","LOCATION"
"Pakistan Karachi","Pakistan Karachi","LOCATION"
"RUEHWW GULF WAR COLLECTIVE","RUEHWW GULF WAR COLLECTIVE","LOCATION"
"Russia Saint Petersburg","Russia Saint Petersburg","LOCATION"
"RUEHVV ISLAMIC CONFERENCE COLLECTIVE","RUEHVV ISLAMIC CONFERENCE COLLECTIVE","LOCATION"
"COMNAVFORJAPAN YOKOSUKA JA","COMNAVFORJAPAN YOKOSUKA JA","LOCATION"
"CSCE COLLECTIVE","CSCE COLLECTIVE","LOCATION"
"7022 ABS PIRINCLIK TU CC","7022 ABS PIRINCLIK TU CC","LOCATION"
"Bangladesh Dhaka","Bangladesh Dhaka","LOCATION"
"DEPTREAS","DEPTREAS","LOCATION"
"MOSCOW POL COLLECTIVE","MOSCOW POL COLLECTIVE","LOCATION"
"CHUSMTM RIYADH SA","CHUSMTM RIYADH SA","LOCATION"
"Cameroon Douala","Cameroon Douala","LOCATION"
"CCGDSEVEN MIAMI FL","CCGDSEVEN MIAMI FL","LOCATION"
"AMCONSUL PUSAN","AMCONSUL PUSAN","LOCATION"
"Lebanon Beirut","Lebanon Beirut","LOCATION"
"Department of the Treasury","Department of the Treasury","LOCATION"
"Estonia Tallinn","Estonia Tallinn","LOCATION"
"Ghana Accra","Ghana Accra","LOCATION"
"ARE DESTROYING DUBROVNIK. HOW TO CUT THE DUBROVNIK","ARE DESTROYING DUBROVNIK. HOW TO CUT THE DUBROVNIK","LOCATION"
"Kuwait Kuwait City","Kuwait Kuwait City","LOCATION"
"ANKARA 6318","ANKARA 6318","LOCATION"
"EASTERN EUROPEAN POSTS COLLECTIVE","EASTERN EUROPEAN POSTS COLLECTIVE","LOCATION"
"Czech Republic Prague","Czech Republic Prague","LOCATION"
"Austria U.S. Mission in Austria","Austria U.S. Mission in Austria","LOCATION"
"ALGIERS 1248-","ALGIERS 1248-","LOCATION"
"Armenia Yerevan","Armenia Yerevan","LOCATION"
"New Zealand Wellington","New Zealand Wellington","LOCATION"
"Thailand Bangkok","Thailand Bangkok","LOCATION"
"ISLAMIC CONFERENCE COLLECTIVE","ISLAMIC CONFERENCE COLLECTIVE","LOCATION"
"Group Destinations European Political Collective","Group Destinations European Political Collective","LOCATION"
"Cameroon Yaoundé","Cameroon Yaoundé","LOCATION"
"COMNAVBASE GUANTANAMO BAY","COMNAVBASE GUANTANAMO BAY","LOCATION"
"CINCUSACOM NORFOLK VA JO2L","CINCUSACOM NORFOLK VA JO2L","LOCATION"
"CTF PROVIDE COMFORT INCIRLIK AB TU","CTF PROVIDE COMFORT INCIRLIK AB TU","LOCATION"
"FBIS NICOSIA CY","FBIS NICOSIA CY","LOCATION"
"ALLEU COLLECTIVE","ALLEU COLLECTIVE","LOCATION"
"ANKARA TU","ANKARA TU","LOCATION"
"CHJUSMAG SEOUL KOR","CHJUSMAG SEOUL KOR","LOCATION"
"Brunei Bandar Seri Begawan","Brunei Bandar Seri Begawan","LOCATION"
"Iran Iran Collective","Iran Iran Collective","LOCATION"
"CTF PROVIDE CONFORT (INCIRLIK AB TU)","CTF PROVIDE CONFORT (INCIRLIK AB TU)","LOCATION"
"Australia Brisbane","Australia Brisbane","LOCATION"
"Angola Luanda","Angola Luanda","LOCATION"
"39WG INCIRLIK AB TU CC CV","39WG INCIRLIK AB TU CC CV","LOCATION"
"Lesotho Maseru","Lesotho Maseru","LOCATION"
"Saudi Arabia Dhahran","Saudi Arabia Dhahran","LOCATION"
"ALL EUROPEAN UNION POST COLLECTIVE","ALL EUROPEAN UNION POST COLLECTIVE","LOCATION"
"Indonesia Surabaya","Indonesia Surabaya","LOCATION"
"ALGERIA COLLECTIVE","ALGERIA COLLECTIVE","LOCATION"
"CTF PROVIDE COMFORT INCIRLIK AB TU CC CS","CTF PROVIDE COMFORT INCIRLIK AB TU CC CS","LOCATION"
"AMCONSUL DUBAI","AMCONSUL DUBAI","LOCATION"
"Department of Commerce","Department of Commerce","LOCATION"
"Eritrea Asmara","Eritrea Asmara","LOCATION"
"ALL NATO POST COLLECTIVE","ALL NATO POST COLLECTIVE","LOCATION"
"Guinea Conakry","Guinea Conakry","LOCATION"
"Commander Seventh Fleet","Commander Seventh Fleet","LOCATION"
"CTF NORTHERN WATCH INCIRLIK AB TU CC CS","CTF NORTHERN WATCH INCIRLIK AB TU CC CS","LOCATION"
"OIC COLLECTIVE","OIC COLLECTIVE","LOCATION"
"CSA DACS-ZA","CSA DACS-ZA","LOCATION"
"India Mumbai","India Mumbai","LOCATION"
"Joint Chiefs of Staff","Joint Chiefs of Staff","LOCATION"
"Albania Tirana","Albania Tirana","LOCATION"
"Chairman Joint Chiefs of Staff","Chairman Joint Chiefs of Staff","LOCATION"
"Argentina Buenos Aires","Argentina Buenos Aires","LOCATION"
"National Security Council","National Security Council","LOCATION"
"Group Destinations Commonwealth of Independent States","Group Destinations Commonwealth of Independent States","LOCATION"
"CDRTAMC HONOLULU HI COE","CDRTAMC HONOLULU HI COE","LOCATION"
"ARAB-ISRAELI COLLECTIVE","ARAB-ISRAELI COLLECTIVE","LOCATION"
"Cambodia Phnom Penh","Cambodia Phnom Penh","LOCATION"
"Guyana Georgetown","Guyana Georgetown","LOCATION"
"DEPTLABOR","DEPTLABOR","LOCATION"
"Department of Agriculture","Department of Agriculture","LOCATION"
"Denmark Copenhagen","Denmark Copenhagen","LOCATION"
"COMMISSIONER USINS","COMMISSIONER USINS","LOCATION"
"Department of Labor","Department of Labor","LOCATION"
"China Hong Kong","China Hong Kong","LOCATION"
"Kenya Nairobi","Kenya Nairobi","LOCATION"
"DEPT OF TRANS","DEPT OF TRANS","LOCATION"
"Commander in Chief US Pacific Fleet","Commander in Chief US Pacific Fleet","LOCATION"
"Rwanda Rwanda Collective","Rwanda Rwanda Collective","LOCATION"
"CDR JTF-FA HONOLULU HI","CDR JTF-FA HONOLULU HI","LOCATION"
"Namibia Windhoek","Namibia Windhoek","LOCATION"
"DMINE COLLECTIVE","DMINE COLLECTIVE","LOCATION"
"CDC ATLANTA GA","CDC ATLANTA GA","LOCATION"
"CSSG LAUREL MD","CSSG LAUREL MD","LOCATION"
"CINCUSACOM NORFOLK VA","CINCUSACOM NORFOLK VA","LOCATION"
"Yemen Sana''a","Yemen Sana''a","LOCATION"
"Gabon Libreville","Gabon Libreville","LOCATION"
"CIMS NTDB","CIMS NTDB","LOCATION"
"Intergovernmental Authority on Development (IGAD)","Intergovernmental Authority on Development (IGAD)","LOCATION"
"Turkmenistan Ashgabat","Turkmenistan Ashgabat","LOCATION"
"Federal Bureau of Investigation","Federal Bureau of Investigation","LOCATION"
"Economic Community of West African States (ECOWAS)","Economic Community of West African States (ECOWAS)","LOCATION"
"Defense Attache Office Dakar","Defense Attache Office Dakar","LOCATION"
"CDRTAMC HONOLULU HI","CDRTAMC HONOLULU HI","LOCATION"
"OAU COLLECTIVE","OAU COLLECTIVE","LOCATION"
"Bahamas Nassau","Bahamas Nassau","LOCATION"
"Burma Yangon","Burma Yangon","LOCATION"
"CDC ATLANTA","CDC ATLANTA","LOCATION"
"ARF COLLECTIVE","ARF COLLECTIVE","LOCATION"
"Nigeria Abuja","Nigeria Abuja","LOCATION"
"CJTFSWA RIYADH SA","CJTFSWA RIYADH SA","LOCATION"
"Mexico Mexico City","Mexico Mexico City","LOCATION"
"HQINS","HQINS","LOCATION"
"Belarus Minsk","Belarus Minsk","LOCATION"
"DIRFBI","DIRFBI","LOCATION"
"Indonesia Jakarta","Indonesia Jakarta","LOCATION"
"Group Destinations All African Diplomatic Posts","Group Destinations All African Diplomatic Posts","LOCATION"
"RUCJACC USCENTCOM MACDILL AFB FL","RUCJACC USCENTCOM MACDILL AFB FL","LOCATION"
"UAEG","UAEG","LOCATION"
"Department of Justice","Department of Justice","LOCATION"
"Chief of Naval Operations","Chief of Naval Operations","LOCATION"
"Iraq Iraq Collective","Iraq Iraq Collective","LOCATION"
"IRAQI PEOPLE","IRAQI PEOPLE","LOCATION"
"ANGER","ANGER","LOCATION"
"Bosnia and Herzegovina Sarajevo","Bosnia and Herzegovina Sarajevo","LOCATION"
"CDR4THPSYOPGP FT BRAGG NC AOCP-POG-SB","CDR4THPSYOPGP FT BRAGG NC AOCP-POG-SB","LOCATION"
"Group Destinations Bureau of Western Hemisphere Affairs","Group Destinations Bureau of Western Hemisphere Affairs","LOCATION"
"Neo4jIraq","Iraq","LOCATION"
"CDR USSOCOM MACDILL AFB FL SOJ2 HSE","CDR USSOCOM MACDILL AFB FL SOJ2 HSE","LOCATION"
"RUEAUSA USDOHHS","RUEAUSA USDOHHS","LOCATION"
"Brazil São Paulo","Brazil São Paulo","LOCATION"
"Saudi Arabia Riyadh","Saudi Arabia Riyadh","LOCATION"
"Department of Health and Human Services","Department of Health and Human Services","LOCATION"
"Commercial Information Management System/National Trade Data Bank","Commercial Information Management System/National Trade Data Bank","LOCATION"
"RUEHXD MISSILE TECH CONTR REGIME COLLECTIVE","RUEHXD MISSILE TECH CONTR REGIME COLLECTIVE","LOCATION"
"ALL CANADIAN POST COLLECTIVE","ALL CANADIAN POST COLLECTIVE","LOCATION"
"Department of the Interior","Department of the Interior","LOCATION"
"RUCAACC USCENTCOM MACDILL AFB FL CCJ5","RUCAACC USCENTCOM MACDILL AFB FL CCJ5","LOCATION"
"RHMFISS HQ COALITION PROVISIONAL AUTH BAGHDAD","RHMFISS HQ COALITION PROVISIONAL AUTH BAGHDAD","LOCATION"
"RHRMDAE COMFIFTHFLT","RHRMDAE COMFIFTHFLT","LOCATION"
"THE IMF WB MEETINGS IN DUBAI","THE IMF WB MEETINGS IN DUBAI","LOCATION"
"Japan Tokyo","Japan Tokyo","LOCATION"
"RUEHMEP MEPIC COLLECTIVE","RUEHMEP MEPIC COLLECTIVE","LOCATION"
"ALSAC ALL SOUTH ASIA COLLECTIVE","ALSAC ALL SOUTH ASIA COLLECTIVE","LOCATION"
"AMCONSUL ZEN CHENGDU","AMCONSUL ZEN CHENGDU","LOCATION"
"RHMFIUU HQ COALITION PROVISIONAL AUTH BAGHDAD","RHMFIUU HQ COALITION PROVISIONAL AUTH BAGHDAD","LOCATION"
"THE COMMON DEFENSE: UAE SUBMISSION","THE COMMON DEFENSE: UAE SUBMISSION","LOCATION"
"CJTF HOA","CJTF HOA","LOCATION"
"Haiti Port-au-Prince","Haiti Port-au-Prince","LOCATION"
"EU CANDIDATE STATES COLLECTIVE","EU CANDIDATE STATES COLLECTIVE","LOCATION"
"AMEBASSY RABAT","AMEBASSY RABAT","LOCATION"
"Germany Berlin","Germany Berlin","LOCATION"
"HQ COALITION PROV AUTH BAGHDAD","HQ COALITION PROV AUTH BAGHDAD","LOCATION"
"HQ COALITION PROVISIONAL AUTH BAGHDAD","HQ COALITION PROVISIONAL AUTH BAGHDAD","LOCATION"
"Department of Homeland Security","Department of Homeland Security","LOCATION"
"RUCNEEC EASTERN EUROPEAN COUNTRIES COLLECTIVE","RUCNEEC EASTERN EUROPEAN COUNTRIES COLLECTIVE","LOCATION"
"Spain Madrid","Spain Madrid","LOCATION"
"AVOID THE US DUE TO VISA AND BORDER PROCEDURES.","AVOID THE US DUE TO VISA AND BORDER PROCEDURES.","LOCATION"
"RUEHGB CPA BAGHDAD","RUEHGB CPA BAGHDAD","LOCATION"
"RHMFISS HQS COALITION PROVISIONAL AUTHORITY BAGHDAD","RHMFISS HQS COALITION PROVISIONAL AUTHORITY BAGHDAD","LOCATION"
"CPA BAGHDAD","CPA BAGHDAD","LOCATION"
"DIR FBI","DIR FBI","LOCATION"
"RUEAHQA OSAF IA IAR","RUEAHQA OSAF IA IAR","LOCATION"
"CDR USEUCOM VAIHINGEN GE","CDR USEUCOM VAIHINGEN GE","LOCATION"
"Côte d''Ivoire Abidjan","Côte d''Ivoire Abidjan","LOCATION"
"CJCS WASHINGTON DC","CJCS WASHINGTON DC","LOCATION"
"ISLAM COLLECTIVE","ISLAM COLLECTIVE","LOCATION"
"ALNEA ALL NEAR EAST COLLECTIVE","ALNEA ALL NEAR EAST COLLECTIVE","LOCATION"
"ALL USDOC DISTDIR COLLECTIVE","ALL USDOC DISTDIR COLLECTIVE","LOCATION"
"Department of Energy","Department of Energy","LOCATION"
"RUEHMEP THE MIDDLE EAST PARTNERSHIP INITIATIVE","RUEHMEP THE MIDDLE EAST PARTNERSHIP INITIATIVE","LOCATION"
"Islamic Collective","Islamic Collective","LOCATION"
"Bulgaria Sofia","Bulgaria Sofia","LOCATION"
"Kazakhstan Almaty","Kazakhstan Almaty","LOCATION"
"Morocco Rabat","Morocco Rabat","LOCATION"
"RUEHC MISSLE TECHNOLOGY CONTROL REGIME","RUEHC MISSLE TECHNOLOGY CONTROL REGIME","LOCATION"
"39ABG INCIRLIK AB TU CC","39ABG INCIRLIK AB TU CC","LOCATION"
"Iraq Basra","Iraq Basra","LOCATION"
"African Union","African Union","LOCATION"
"COMSCEUR LONDON UK","COMSCEUR LONDON UK","LOCATION"
"Burkina Faso Ouagadougou","Burkina Faso Ouagadougou","LOCATION"
"Department of Defense","Department of Defense","LOCATION"
"CDR USEUCOM INTEL VAIHINGEN GE ECJ2 ECJ5-E","CDR USEUCOM INTEL VAIHINGEN GE ECJ2 ECJ5-E","LOCATION"
"Missile Technology Control Regime","Missile Technology Control Regime","LOCATION"
"Azerbaijan Baku","Azerbaijan Baku","LOCATION"
"China All China Posts","China All China Posts","LOCATION"
"East Timor Dili","East Timor Dili","LOCATION"
"CSAF WASHINGTON DC POLAD","CSAF WASHINGTON DC POLAD","LOCATION"
"Mongolia Ulan Bator","Mongolia Ulan Bator","LOCATION"
"NOAA NMFS SILVER SPRING MD","NOAA NMFS SILVER SPRING MD","LOCATION"
"Belize Belize","Belize Belize","LOCATION"
"ALL EUROPEAN COMMUNITY POST COLLECTIVE","ALL EUROPEAN COMMUNITY POST COLLECTIVE","LOCATION"
"Joint Analysis Center Molesworth","Joint Analysis Center Molesworth","LOCATION"
"Germany Frankfurt","Germany Frankfurt","LOCATION"
"Georgia Tbilisi","Georgia Tbilisi","LOCATION"
"CINCUSEUCOM VAIHINGEN GE","CINCUSEUCOM VAIHINGEN GE","LOCATION"
"39th Air Base Wing Incirlik Air Base, Turkey","39th Air Base Wing Incirlik Air Base, Turkey","LOCATION"
"NATO - European Union Cooperative","NATO - European Union Cooperative","LOCATION"
"Northern Ireland Belfast","Northern Ireland Belfast","LOCATION"
"ALL US CONSULATES IN MEXICO COLLECTIVE","ALL US CONSULATES IN MEXICO COLLECTIVE","LOCATION"
"RHWSMRC MCF01 SACCS USCINCCENT MACDILL AFB FL","RHWSMRC MCF01 SACCS USCINCCENT MACDILL AFB FL","LOCATION"
"Department of Transportation","Department of Transportation","LOCATION"
"United Kingdom London","United Kingdom London","LOCATION"
"Malawi Lilongwe","Malawi Lilongwe","LOCATION"
"Mexico All posts in Mexico","Mexico All posts in Mexico","LOCATION"
"Portugal Lisbon","Portugal Lisbon","LOCATION"
"Australia Sydney","Australia Sydney","LOCATION"
"Combined Joint Task Force Horn of Africa","Combined Joint Task Force Horn of Africa","LOCATION"
"Coast Guard","Coast Guard","LOCATION"
"CDR USEUCOM INTEL VAIHINGEN GE ECJ2 ECJ3 ECJ4 ECJ5","CDR USEUCOM INTEL VAIHINGEN GE ECJ2 ECJ3 ECJ4 ECJ5","LOCATION"
"CDR SATMO FT BRAGG NC AOJK-SA","CDR SATMO FT BRAGG NC AOJK-SA","LOCATION"
"Center for Disease Control","Center for Disease Control","LOCATION"
"RUCPDC NOAA NMFS SILVER SPRING MD","RUCPDC NOAA NMFS SILVER SPRING MD","LOCATION"
"National Counterterrorism Center (NCTC)","National Counterterrorism Center (NCTC)","LOCATION"
"RUCNBEH BRASILIA ENVIRONMENTAL HUB COLLECTIVE","RUCNBEH BRASILIA ENVIRONMENTAL HUB COLLECTIVE","LOCATION"
"Hungary Budapest","Hungary Budapest","LOCATION"
"Commander in Chief Southern Command","Commander in Chief Southern Command","LOCATION"
"Federal Aviation Administration","Federal Aviation Administration","LOCATION"
"Caribbean Community","Caribbean Community","LOCATION"
"RUEPGCA USEUCOM AIDES VAIHINGEN GE","RUEPGCA USEUCOM AIDES VAIHINGEN GE","LOCATION"
"RHMCSUU CDR USEUCOM VAIHINGEN GE","RHMCSUU CDR USEUCOM VAIHINGEN GE","LOCATION"
"Cuba Havana","Cuba Havana","LOCATION"
"Uzbekistan Tashkent","Uzbekistan Tashkent","LOCATION"
"Organization for Security and Co-operation in Europe","Organization for Security and Co-operation in Europe","LOCATION"
"RHDIFCC FCC","RHDIFCC FCC","LOCATION"
"Commander Iceland Defense Forces","Commander Iceland Defense Forces","LOCATION"
"Peru Lima","Peru Lima","LOCATION"
"RUCUSTR USSTRATCOM OFFUTT AFB NE","RUCUSTR USSTRATCOM OFFUTT AFB NE","LOCATION"
"Netherlands Amsterdam","Netherlands Amsterdam","LOCATION"
"Canada Vancouver","Canada Vancouver","LOCATION"
"New Zealand Auckland","New Zealand Auckland","LOCATION"
"Commander Special Operations Command, United States Pacific Command","Commander Special Operations Command, United States Pacific Command","LOCATION"
"Commander, US Marine Corps Forces, Pacific","Commander, US Marine Corps Forces, Pacific","LOCATION"
"Laos Vientiane","Laos Vientiane","LOCATION"
"COMSOCCENT MACDILL AFB FL","COMSOCCENT MACDILL AFB FL","LOCATION"
"AMEMBASY BERLIN","AMEMBASY BERLIN","LOCATION"
"Brazil Recife","Brazil Recife","LOCATION"
"INDIACO MSGBN FT LAUDERDALE FL","INDIACO MSGBN FT LAUDERDALE FL","LOCATION"
"RUEADRO HQ ICE DRO WASHINGTON DC","RUEADRO HQ ICE DRO WASHINGTON DC","LOCATION"
"Grenada Grenada","Grenada Grenada","LOCATION"
"Jamaica Kingston","Jamaica Kingston","LOCATION"
"RUEAORD CUSTOMS CARIBBEAN ATTACHE MIAMI FL","RUEAORD CUSTOMS CARIBBEAN ATTACHE MIAMI FL","LOCATION"
"RHMFIUU DIR TCSC FORT BELVOIR VA","RHMFIUU DIR TCSC FORT BELVOIR VA","LOCATION"
"Costa Rica San Jose","Costa Rica San Jose","LOCATION"
"Trinidad and Tobago Port of Spain","Trinidad and Tobago Port of Spain","LOCATION"
"Secret Service (United States Secret Service)","Secret Service (United States Secret Service)","LOCATION"
"RUEHMI USOFFICE FRC FT LAUDERDALE","RUEHMI USOFFICE FRC FT LAUDERDALE","LOCATION"
"Dominican Republic Santo Domingo","Dominican Republic Santo Domingo","LOCATION"
"Commander South Atlantic Force US Atlantic Fleet","Commander South Atlantic Force US Atlantic Fleet","LOCATION"
"Barbados Bridgetown","Barbados Bridgetown","LOCATION"
"RUEAORC US CUSTOMS BORDER PROTECT WASHINGTON DC","RUEAORC US CUSTOMS BORDER PROTECT WASHINGTON DC","LOCATION"
"RUEAIAO HQ ICE IAO WASHINGTON DC","RUEAIAO HQ ICE IAO WASHINGTON DC","LOCATION"
"Asian Pacific Economic Cooperation","Asian Pacific Economic Cooperation","LOCATION"
"Foreign Service Institute","Foreign Service Institute","LOCATION"
"Central African Republic Bangui","Central African Republic Bangui","LOCATION"
"MILLENNIUM CHALLENGE CORP","MILLENNIUM CHALLENGE CORP","LOCATION"
"Latvia Riga","Latvia Riga","LOCATION"
"Group Destinations Southern Common Market (MERCOSUR-Mercado Común del Sur)","Group Destinations Southern Common Market (MERCOSUR-Mercado Común del Sur)","LOCATION"
"Canada All Canada Posts","Canada All Canada Posts","LOCATION"
"Afghanistan","Afghanistan","LOCATION"
"Haiti Haiti Collective","Haiti Haiti Collective","LOCATION"
"Commander United States Forces Korea","Commander United States Forces Korea","LOCATION"
"Macedonia Skopje","Macedonia Skopje","LOCATION"
"Joint Intelligence Center Pacific","Joint Intelligence Center Pacific","LOCATION"
"Kyrgyzstan Bishkek","Kyrgyzstan Bishkek","LOCATION"
"39th Operations Squadron Incirlik Turkey","39th Operations Squadron Incirlik Turkey","LOCATION"
"Greece Thessaloniki","Greece Thessaloniki","LOCATION"
"RHMFISS COMSOCEUR SOJ35 VAIHINGEN GE","RHMFISS COMSOCEUR SOJ35 VAIHINGEN GE","LOCATION"
"China Chengdu","China Chengdu","LOCATION"
"RUCNOSA OVERSEAS SECURITY COUNCIL COLLECTIVE","RUCNOSA OVERSEAS SECURITY COUNCIL COLLECTIVE","LOCATION"
"Group Destinations Federal Republic of Germany Collective","Group Destinations Federal Republic of Germany Collective","LOCATION"
"Ecuador Quito","Ecuador Quito","LOCATION"
"RHMFIUU HQ USARSO RESCUE COORD CNTR FT SAM HOUSTON TX","RHMFIUU HQ USARSO RESCUE COORD CNTR FT SAM HOUSTON TX","LOCATION"
"RUEOUAB HQ DRMS BATTLE CREEK MI","RUEOUAB HQ DRMS BATTLE CREEK MI","LOCATION"
"Guatemala Guatemala","Guatemala Guatemala","LOCATION"
"RUEANHA FAA","RUEANHA FAA","LOCATION"
"International Atomic Energy Agency (Vienna)","International Atomic Energy Agency (Vienna)","LOCATION"
"Philippines Manila","Philippines Manila","LOCATION"
"Federal Preparedness Agency (Federal Emergency Management Agency FEMA)","Federal Preparedness Agency (Federal Emergency Management Agency FEMA)","LOCATION"
"Pakistan Peshawar","Pakistan Peshawar","LOCATION"
"Nepal Kathmandu","Nepal Kathmandu","LOCATION"
"RUEHTRO USLO TRIPOLI","RUEHTRO USLO TRIPOLI","LOCATION"
"RUEC SECSTATE","RUEC SECSTATE","LOCATION"
"RUEHKL ISLAMIC CONFERENCE COLLECTIVE","RUEHKL ISLAMIC CONFERENCE COLLECTIVE","LOCATION"
"RULSSGG COGARD AMR NEW YORK NY","RULSSGG COGARD AMR NEW YORK NY","LOCATION"
"RUEHOR USODC GABORONE BC","RUEHOR USODC GABORONE BC","LOCATION"
"RHMFIUU COMSOCEUR VAIHINGEN GE SOJ3","RHMFIUU COMSOCEUR VAIHINGEN GE SOJ3","LOCATION"
"Croatia Zagreb","Croatia Zagreb","LOCATION"
"Drug Enforcement Administration Washington","Drug Enforcement Administration Washington","LOCATION"
"Millennium Challenge Corporation","Millennium Challenge Corporation","LOCATION"
"RHHMUNA HQ USPACOM","RHHMUNA HQ USPACOM","LOCATION"
"Canada Quebec","Canada Quebec","LOCATION"
"Italy Florence","Italy Florence","LOCATION"
"RHLBAAE COMSOCSOUTH","RHLBAAE COMSOCSOUTH","LOCATION"
"Commander United States Forces Japan","Commander United States Forces Japan","LOCATION"
"Commander US Naval Forces Japan","Commander US Naval Forces Japan","LOCATION"
"RUEHXX GENEVA IO MISSIONS COLLECTIVE","RUEHXX GENEVA IO MISSIONS COLLECTIVE","LOCATION"
"Panama Panama City","Panama Panama City","LOCATION"
"Group Destinations International Conference on Environmental Science and Technology (CEST)","Group Destinations International Conference on Environmental Science and Technology (CEST)","LOCATION"
"Fiji Suva","Fiji Suva","LOCATION"
"RULSSGG COGARD WASHINGTON DC","RULSSGG COGARD WASHINGTON DC","LOCATION"
"Air Force Office of Special Investigation Detachment 521","Air Force Office of Special Investigation Detachment 521","LOCATION"
"Poland Warsaw","Poland Warsaw","LOCATION"
"39th Logistics Group","39th Logistics Group","LOCATION"
"Iraq Kirkuk","Iraq Kirkuk","LOCATION"
"Commander Special Operations Command European Command","Commander Special Operations Command European Command","LOCATION"
"Qatar Doha","Qatar Doha","LOCATION"
"RUEAFCC FCC","RUEAFCC FCC","LOCATION"
"Defense Attache Office Caracas","Defense Attache Office Caracas","LOCATION"
"RUCNBEH BRASILIA ENVIROMENTAL","RUCNBEH BRASILIA ENVIROMENTAL","LOCATION"
"Agency for International Development","Agency for International Development","LOCATION"
"REUHVV ISLAMIC CONFERENCE COLLECTIVE","REUHVV ISLAMIC CONFERENCE COLLECTIVE","LOCATION"
"Liberia Monrovia","Liberia Monrovia","LOCATION"
"FRANKFURT FOR RIMC","FRANKFURT FOR RIMC","LOCATION"
"RHWSMRC USCINCCENT MACDILL AFB FL","RHWSMRC USCINCCENT MACDILL AFB FL","LOCATION"
"RUEANHA FAA NATIONAL HQ","RUEANHA FAA NATIONAL HQ","LOCATION"
"Germany Munich","Germany Munich","LOCATION"
"RUESKT KHARTOUM","RUESKT KHARTOUM","LOCATION"
"RUCDOC USDOC","RUCDOC USDOC","LOCATION"
"Department of Health, Education and Welfare","Department of Health, Education and Welfare","LOCATION"
"Lithuania Vilnius","Lithuania Vilnius","LOCATION"
"RUCNCAN ALCAN COLLECTIVE","RUCNCAN ALCAN COLLECTIVE","LOCATION"
"Labor Collective","Labor Collective","LOCATION"
"650th Military Intelligence Group","650th Military Intelligence Group","LOCATION"
"Commander in Chief Allied Forces Southern Europe","Commander in Chief Allied Forces Southern Europe","LOCATION"
"Nicaragua Managua","Nicaragua Managua","LOCATION"
"Italy Milan","Italy Milan","LOCATION"
"Curaçao Curaçao","Curaçao Curaçao","LOCATION"
"Japan Fukuoka","Japan Fukuoka","LOCATION"
"China Shanghai","China Shanghai","LOCATION"
"Finland Helsinki","Finland Helsinki","LOCATION"
"RUCNMEU EU INTEREST","RUCNMEU EU INTEREST","LOCATION"
"Rwanda Kigali","Rwanda Kigali","LOCATION"
"RUEHAST USOFFICE ASTANA","RUEHAST USOFFICE ASTANA","LOCATION"
"Commanding General Camp Pendleton","Commanding General Camp Pendleton","LOCATION"
"ALAFD ALL AF DIPLOMATIC POSTS COLLECTIVE","ALAFD ALL AF DIPLOMATIC POSTS COLLECTIVE","LOCATION"
"RUEAYVF FAA MIAMI ARTCC MIAMI FL","RUEAYVF FAA MIAMI ARTCC MIAMI FL","LOCATION"
"RHMFISS CDR USSOCOM MACDILL AFB FL SCJ2","RHMFISS CDR USSOCOM MACDILL AFB FL SCJ2","LOCATION"
"Australia Melbourne","Australia Melbourne","LOCATION"
"Norway Oslo","Norway Oslo","LOCATION"
"Pakistan Lahore","Pakistan Lahore","LOCATION"
"RHMFIUU HQ AMC TACC SCOTT AFB IL XOCZD","RHMFIUU HQ AMC TACC SCOTT AFB IL XOCZD","LOCATION"
"RHHMUNB JIATF WEST DEA REP J2 J3","RHHMUNB JIATF WEST DEA REP J2 J3","LOCATION"
"RUCLRFA USDA FAS","RUCLRFA USDA FAS","LOCATION"
"RUFGNOA USEUCOM","RUFGNOA USEUCOM","LOCATION"
"El Salvador San Salvador","El Salvador San Salvador","LOCATION"
"France Strasbourg","France Strasbourg","LOCATION"
"IO CO IO COLLECTIVE","IO CO IO COLLECTIVE","LOCATION"
"Commander in Chief US Army Europe","Commander in Chief US Army Europe","LOCATION"
"Federated States of Micronesia Kolonia","Federated States of Micronesia Kolonia","LOCATION"
"Malaysia Kuala Lumpur","Malaysia Kuala Lumpur","LOCATION"
"Mauritius Port Louis","Mauritius Port Louis","LOCATION"
"RUEHMKA MANAMA","RUEHMKA MANAMA","LOCATION"
"Mali Bamako","Mali Bamako","LOCATION"
"ALNED ALNED COLLECTIVE","ALNED ALNED COLLECTIVE","LOCATION"
"RUEHPS USOFFICE PRISTINA","RUEHPS USOFFICE PRISTINA","LOCATION"
"RHMFISS DEPT OF ARMY","RHMFISS DEPT OF ARMY","LOCATION"
"(BFITZGERALD)","(BFITZGERALD)","LOCATION"
"Germany Dusseldorf","Germany Dusseldorf","LOCATION"
"RUEHZJ HUMAN RIGHTS COMMISSION COLLECTIVE","RUEHZJ HUMAN RIGHTS COMMISSION COLLECTIVE","LOCATION"
"RUEVAAN VA CENTRAL OFC","RUEVAAN VA CENTRAL OFC","LOCATION"
"Iceland Reykjavík","Iceland Reykjavík","LOCATION"
"RUEAUSA DEPARTMENT OF HHS","RUEAUSA DEPARTMENT OF HHS","LOCATION"
"RHMFIUU CMDCFLCC ARIFJAN KU","RHMFIUU CMDCFLCC ARIFJAN KU","LOCATION"
"RHMFISS USCENTCOM CCJ5 - PERSONAL FOR MACDILL AFB FL","RHMFISS USCENTCOM CCJ5 - PERSONAL FOR MACDILL AFB FL","LOCATION"
"South Africa Johannesburg","South Africa Johannesburg","LOCATION"
"Uganda Kampala","Uganda Kampala","LOCATION"
"Director of National Intelligence","Director of National Intelligence","LOCATION"
"RUMIAAE COMSOCSOUTH SIMS HOMESTEAD ARS FL","RUMIAAE COMSOCSOUTH SIMS HOMESTEAD ARS FL","LOCATION"
"South Korea Seoul","South Korea Seoul","LOCATION"
"EU POLITICAL COLLECTIVE","EU POLITICAL COLLECTIVE","LOCATION"
"RUEADWD HQDA WASHINGTON DC","RUEADWD HQDA WASHINGTON DC","LOCATION"
"RUCNDSC DISARMAMENT CONFERENCE COLLECTIVE","RUCNDSC DISARMAMENT CONFERENCE COLLECTIVE","LOCATION"
"RUCNMUC EU CANDIDATE COLLECTIVE","RUCNMUC EU CANDIDATE COLLECTIVE","LOCATION"
"RUEWMFA FAA MIAMI SO IFO23 MIAMI FL","RUEWMFA FAA MIAMI SO IFO23 MIAMI FL","LOCATION"
"RUEHJA ISLAMIC CONFERENCE COLLECTIVE","RUEHJA ISLAMIC CONFERENCE COLLECTIVE","LOCATION"
"RHMFIUU TSA HQ WASHINGTON DC","RHMFIUU TSA HQ WASHINGTON DC","LOCATION"
"RUDKSR EUCOM PLANS AND ANALYSIS STAFF STUTTGART GE","RUDKSR EUCOM PLANS AND ANALYSIS STAFF STUTTGART GE","LOCATION"
"RUEHC DEPTLABOR","RUEHC DEPTLABOR","LOCATION"
"RUEHKU OMC-K KUWAIT KU","RUEHKU OMC-K KUWAIT KU","LOCATION"
"British Indian Ocean Territory Diego Garcia","British Indian Ocean Territory Diego Garcia","LOCATION"
"RHMFISS HQ UCENTCOM MACDILL AFB FL","RHMFISS HQ UCENTCOM MACDILL AFB FL","LOCATION"
"Madagascar Antananarivo","Madagascar Antananarivo","LOCATION"
"Australia Perth","Australia Perth","LOCATION"
"RUEHXC ALL US CONSULATES IN MEXICO","RUEHXC ALL US CONSULATES IN MEXICO","LOCATION"
"RUCNCAN ALL CANADIAN POST COLLECTIVE","RUCNCAN ALL CANADIAN POST COLLECTIVE","LOCATION"
"Moldova Chișinău","Moldova Chișinău","LOCATION"
"RULSJGA COGUARD","RULSJGA COGUARD","LOCATION"
"RUEHYY GENEVA CD COLLECTIVE","RUEHYY GENEVA CD COLLECTIVE","LOCATION"
"Saudi Arabia Jeddah","Saudi Arabia Jeddah","LOCATION"
"RHCPKEE 53 WRS KEESLER AFB MS","RHCPKEE 53 WRS KEESLER AFB MS","LOCATION"
"Japan Sapporo","Japan Sapporo","LOCATION"
"RUEAWJA JUSTICE DEPT","RUEAWJA JUSTICE DEPT","LOCATION"
"RCPDOC USDOC","RCPDOC USDOC","LOCATION"
"Commander in Chief US Air Forces in Europe Ramstein AB Germany","Commander in Chief US Air Forces in Europe Ramstein AB Germany","LOCATION"
"Poland Kraków","Poland Kraków","LOCATION"
"RHMFITT CDR USEUCOM VAIHINGEN GE","RHMFITT CDR USEUCOM VAIHINGEN GE","LOCATION"
"Japan Naha","Japan Naha","LOCATION"
"RHEHOND DIRONDCP","RHEHOND DIRONDCP","LOCATION"
"RULSJGA COGARD","RULSJGA COGARD","LOCATION"
"RUENAAA OLA WASHINGTON DC","RUENAAA OLA WASHINGTON DC","LOCATION"
"RHMFIFF HQ USNORTHCOM","RHMFIFF HQ USNORTHCOM","LOCATION"
"RUWDQAC COGARD WASHINGTON DC","RUWDQAC COGARD WASHINGTON DC","LOCATION"
"RHMFIUU HQ PACAF HICKAM AFB HI","RHMFIUU HQ PACAF HICKAM AFB HI","LOCATION"
"RUEHMI USOFFICE MRC MIAMI","RUEHMI USOFFICE MRC MIAMI","LOCATION"
"United Nations (New York)","United Nations (New York)","LOCATION"
"RHHMDBY HQ USNORTHCOM","RHHMDBY HQ USNORTHCOM","LOCATION"
"RUCNMEM EU MEMBER STATE","RUCNMEM EU MEMBER STATE","LOCATION"
"RHFMIUU HQ USNORTHCOM","RHFMIUU HQ USNORTHCOM","LOCATION"
"Libya Tripoli","Libya Tripoli","LOCATION"
"RUCNISL ISLAMIC CONFERENCE COLLECTIVE","RUCNISL ISLAMIC CONFERENCE COLLECTIVE","LOCATION"
"DEA HQS WASHINGTON DC","DEA HQS WASHINGTON DC","LOCATION"
"RUEHC USDA FAS","RUEHC USDA FAS","LOCATION"
"RUCQSOC USCINCSOC MACDILL AFB FL J3","RUCQSOC USCINCSOC MACDILL AFB FL J3","LOCATION"
"Sri Lanka Colombo","Sri Lanka Colombo","LOCATION"
"Defense Threat Reduction Agency (DTRA)","Defense Threat Reduction Agency (DTRA)","LOCATION"
"RUEHPS USOFFICE PRISTINA SR","RUEHPS USOFFICE PRISTINA SR","LOCATION"
"425th Air Base Squadron Izmir, Turkey","425th Air Base Squadron Izmir, Turkey","LOCATION"
"RUEHUB HAVANA USINT","RUEHUB HAVANA USINT","LOCATION"
"RUEAYOK FAA AERONAUTICAL CENTER OKLAHOMA CITY OK","RUEAYOK FAA AERONAUTICAL CENTER OKLAHOMA CITY OK","LOCATION"
"Gambia Banjul","Gambia Banjul","LOCATION"
"RUFGCIN CDR USEUCOM VAIHINGEN GE","RUFGCIN CDR USEUCOM VAIHINGEN GE","LOCATION"
"RUEHZL EUR POSTS COLLECTIVE","RUEHZL EUR POSTS COLLECTIVE","LOCATION"
"France Marseille","France Marseille","LOCATION"
"Commander US Pacific Fleet","Commander US Pacific Fleet","LOCATION"
"HUMAN RIGHTS COUNCIL COLLECTIVE","HUMAN RIGHTS COUNCIL COLLECTIVE","LOCATION"
"Papua New Guinea Port Moresby","Papua New Guinea Port Moresby","LOCATION"
"RUEHIT AMCONSUL ISTANBL","RUEHIT AMCONSUL ISTANBL","LOCATION"
"RUWDQAB NTSB WASHINGTON DC","RUWDQAB NTSB WASHINGTON DC","LOCATION"
"RUEHC ECSTATE","RUEHC ECSTATE","LOCATION"
"Paraguay Asunción","Paraguay Asunción","LOCATION"
"RHFJUSC US CUSTOMS AND BORDER PROTECTION WASHINGTON DC INA","RHFJUSC US CUSTOMS AND BORDER PROTECTION WASHINGTON DC INA","LOCATION"
"RUEHC NES C COLLECTIVE","RUEHC NES C COLLECTIVE","LOCATION"
"RUEHXQ ALL EUROPEAN UNION POST COLLECTIVE","RUEHXQ ALL EUROPEAN UNION POST COLLECTIVE","LOCATION"
"Malta Valletta","Malta Valletta","LOCATION"
"RHMFISS USCENTCOM CCJ5 PERSONAL MACDILL AFB FL","RHMFISS USCENTCOM CCJ5 PERSONAL MACDILL AFB FL","LOCATION"
"Philippines","Philippines","LOCATION"
"AC MOLESWORTH RAF MOLESWORTH UK","AC MOLESWORTH RAF MOLESWORTH UK","LOCATION"
"RHDIAAA HQ ACC LANGLEY AFB VA","RHDIAAA HQ ACC LANGLEY AFB VA","LOCATION"
"Maghreb Collective","Maghreb Collective","LOCATION"
"Samoa Apia","Samoa Apia","LOCATION"
"RHMCSUU FAA AERONAUTICAL CEN OKLAHOMA CITY OK","RHMCSUU FAA AERONAUTICAL CEN OKLAHOMA CITY OK","LOCATION"
"RUPCPDOC USDOC","RUPCPDOC USDOC","LOCATION"
"B T","B T","LOCATION"
"Republic of the Congo Brazzaville","Republic of the Congo Brazzaville","LOCATION"
"RUEAORC US CUSTOMS AND BORDER PRO WASHINGTON DC","RUEAORC US CUSTOMS AND BORDER PRO WASHINGTON DC","LOCATION"
"National Aeronautics and Space Administration","National Aeronautics and Space Administration","LOCATION"
"RHBVAKS COMUSNAVCET","RHBVAKS COMUSNAVCET","LOCATION"
"South Africa Pretoria","South Africa Pretoria","LOCATION"
"RUEILB NCTC","RUEILB NCTC","LOCATION"
"RUEKJCS NMCC","RUEKJCS NMCC","LOCATION"
"United Nations (Geneva)","United Nations (Geneva)","LOCATION"
"U.S. Mission to European Union (formerly EC) (Brussels)","U.S. Mission to European Union (formerly EC) (Brussels)","LOCATION"
"COGARD STA MIAMI FL","COGARD STA MIAMI FL","LOCATION"
"RHMFISS HQ USCENTCOM MACDLL AFB FL","RHMFISS HQ USCENTCOM MACDLL AFB FL","LOCATION"
"Kazakhstan Astana","Kazakhstan Astana","LOCATION"
"Montenegro Podgorica","Montenegro Podgorica","LOCATION"
"Belize Belmopan","Belize Belmopan","LOCATION"
"RUEAADN DTRA DULLES WASHINGTON DC CT","RUEAADN DTRA DULLES WASHINGTON DC CT","LOCATION"
"Commandant of the Marine Corps","Commandant of the Marine Corps","LOCATION"
"RUEAWJF DHS","RUEAWJF DHS","LOCATION"
"Vietnam Ho Chi Minh City","Vietnam Ho Chi Minh City","LOCATION"
"RUEHC SESTATE","RUEHC SESTATE","LOCATION"
"RUFGTSP USEUCOM VAIHINGEN GE","RUFGTSP USEUCOM VAIHINGEN GE","LOCATION"
"RUEALGX SAFE WASHINGTON DC","RUEALGX SAFE WASHINGTON DC","LOCATION"
"Mexico Ciudad Juárez","Mexico Ciudad Juárez","LOCATION"
"Mexico Mérida","Mexico Mérida","LOCATION"
"RHMCSUU FAA CARF WASHINGTON DC","RHMCSUU FAA CARF WASHINGTON DC","LOCATION"
"RUEHFR OECD COLLECTIVE","RUEHFR OECD COLLECTIVE","LOCATION"
"Commander Amphibious Squadron","Commander Amphibious Squadron","LOCATION"
"RUFOAFA EUROPEAN POLAD COLLECTIVE","RUFOAFA EUROPEAN POLAD COLLECTIVE","LOCATION"
"Defense Attache Office Skopje","Defense Attache Office Skopje","LOCATION"
"SECSTATE G IWI","SECSTATE G IWI","LOCATION"
"RUEAWJL DOJ","RUEAWJL DOJ","LOCATION"
"RUCNWSN THE WASSENAAR ARRANGEMENT","RUCNWSN THE WASSENAAR ARRANGEMENT","LOCATION"
"Canada Toronto","Canada Toronto","LOCATION"
"RUWDQAC COGARD WASHINGTON DC G-CI","RUWDQAC COGARD WASHINGTON DC G-CI","LOCATION"
"United States Naval Forces Central","United States Naval Forces Central","LOCATION"
"Mexico Nogales","Mexico Nogales","LOCATION"
"Canada Halifax","Canada Halifax","LOCATION"
"Ecuador Guayaquil","Ecuador Guayaquil","LOCATION"
"RUEAORC HQ ICE IAO WASHINGTON DC","RUEAORC HQ ICE IAO WASHINGTON DC","LOCATION"
"RUCNWSN THE WASSENAAR ARRANGEMENT COLLECTIVE","RUCNWSN THE WASSENAAR ARRANGEMENT COLLECTIVE","LOCATION"
"ASAFE RAMSTEIN AB GE","ASAFE RAMSTEIN AB GE","LOCATION"
"Sierra Leone Freetown","Sierra Leone Freetown","LOCATION"
"Japan Nagoya","Japan Nagoya","LOCATION"
"RUCNUNP UNPBC COLLECTIVE","RUCNUNP UNPBC COLLECTIVE","LOCATION"
"RUEHC SEQATE","RUEHC SEQATE","LOCATION"
"RHEGGTN USDOE GERMANTOWN MD","RHEGGTN USDOE GERMANTOWN MD","LOCATION"
"RUCNCFE CONVENTIONAL ARMED FORCES IN EUROPE","RUCNCFE CONVENTIONAL ARMED FORCES IN EUROPE","LOCATION"
"Nuclear Suppliers Group","Nuclear Suppliers Group","LOCATION"
"RUCNOSC OSCE COLLECTIVE","RUCNOSC OSCE COLLECTIVE","LOCATION"
"China Shenyang","China Shenyang","LOCATION"
"RUEHGG UN SECRITY COUNCIL COLLECTIVE","RUEHGG UN SECRITY COUNCIL COLLECTIVE","LOCATION"
"RUEHGT WHA DIPL POSTS COLLECTIVE","RUEHGT WHA DIPL POSTS COLLECTIVE","LOCATION"
"Iraq Hillah","Iraq Hillah","LOCATION"
"Russia Vladivostok","Russia Vladivostok","LOCATION"
"RUCPDC NOAA NMFS SILVER SPRING MD F-EN F-SF","RUCPDC NOAA NMFS SILVER SPRING MD F-EN F-SF","LOCATION"
"RUEHWH WHADP COLLECTIVE","RUEHWH WHADP COLLECTIVE","LOCATION"
"RUCNSOM SOMALI COLLECTIVE","RUCNSOM SOMALI COLLECTIVE","LOCATION"
"Portugal Ponta Delgada","Portugal Ponta Delgada","LOCATION"
"Singapore Singapore","Singapore Singapore","LOCATION"
"RHMCSUU FBI","RHMCSUU FBI","LOCATION"
"RUEHZL EUROPEAN POLITICAL COLLCTIVE","RUEHZL EUROPEAN POLITICAL COLLCTIVE","LOCATION"
"INO RUCNSG NCLEAR SUPPLIERS GROUP COLLECTIVE","INO RUCNSG NCLEAR SUPPLIERS GROUP COLLECTIVE","LOCATION"
"INFK RUEHZL EURKPEAN POLITICAL COLLECTIVE","INFK RUEHZL EURKPEAN POLITICAL COLLECTIVE","LOCATION"
"REHC SECSTATE","REHC SECSTATE","LOCATION"
"RUEHLMC MILLENNIUM CHALLENGE COP","RUEHLMC MILLENNIUM CHALLENGE COP","LOCATION"
"RHMFISS CDR USSOCOM MACDILL AFB FL","RHMFISS CDR USSOCOM MACDILL AFB FL","LOCATION"
"United Arab Emirates Abu Dhabi","United Arab Emirates Abu Dhabi","LOCATION"
"RUEAHQA SAF WASHINGTON DC IA","RUEAHQA SAF WASHINGTON DC IA","LOCATION"
"RUCNMEC MIDDLE EAST MULTILATERAL COLLECTIVE","RUCNMEC MIDDLE EAST MULTILATERAL COLLECTIVE","LOCATION"
"RUEHWH WHA DIPLOMATIC POSTS COLLECTIVE","RUEHWH WHA DIPLOMATIC POSTS COLLECTIVE","LOCATION"
"Bermuda Hamilton","Bermuda Hamilton","LOCATION"
"RHMFIUU USEUCOM","RHMFIUU USEUCOM","LOCATION"
"RHMFISS HQ EPA WASHINGTON DC","RHMFISS HQ EPA WASHINGTON DC","LOCATION"
"Iran Iran RPO Dubai","Iran Iran RPO Dubai","LOCATION"
"RUFGSHZ SHAPE BE","RUFGSHZ SHAPE BE","LOCATION"
"RUCNNSG NUNLEAR SUPPLIERS GROUP COLLECTIVE","RUCNNSG NUNLEAR SUPPLIERS GROUP COLLECTIVE","LOCATION"
"SECSTATE SCA COLLECTIVE","SECSTATE SCA COLLECTIVE","LOCATION"
"Department of the Army","Department of the Army","LOCATION"
"Neo4jDOJ","DOJ","LOCATION"
"RHMFISS COMUSCENTAF SHAW AFB SC","RHMFISS COMUSCENTAF SHAW AFB SC","LOCATION"
"Sudan Khartoum","Sudan Khartoum","LOCATION"
"The Cooperation Council for the Arab States of the Gulf","The Cooperation Council for the Arab States of the Gulf","LOCATION"
"RUCNOSC ORG FOR SEC COOP IN EU COLLECTIVE","RUCNOSC ORG FOR SEC COOP IN EU COLLECTIVE","LOCATION"
"Defense Attache Office Tokyo","Defense Attache Office Tokyo","LOCATION"
"RUEHBK MCESC REGION 3 AMEMB BANGKOK TH","RUEHBK MCESC REGION 3 AMEMB BANGKOK TH","LOCATION"
"RUCNEXC EXPORT CONTROL AND RELATED BORDER SECURITY","RUCNEXC EXPORT CONTROL AND RELATED BORDER SECURITY","LOCATION"
"RUETIAA CSG SOUTHCOM MIAMI FL","RUETIAA CSG SOUTHCOM MIAMI FL","LOCATION"
"ATHENS FOR DHS","ATHENS FOR DHS","LOCATION"
"RUEHXX IO COLLECTIVE","RUEHXX IO COLLECTIVE","LOCATION"
"Mexico Guadalajara","Mexico Guadalajara","LOCATION"
"Neo4jPROG","PROG","LOCATION"
"EU INTEREST COLLECTIVE","EU INTEREST COLLECTIVE","LOCATION"
"RUEHZL EUROPEAN POLITCAL COLLECTIVE","RUEHZL EUROPEAN POLITCAL COLLECTIVE","LOCATION"
"RUEAORC US CUSTOMS AND BORDER","RUEAORC US CUSTOMS AND BORDER","LOCATION"
"RUCNSTF TERRORISM FINANCE PRE NOTIFICATION COLLECTIVE","RUCNSTF TERRORISM FINANCE PRE NOTIFICATION COLLECTIVE","LOCATION"
"RUCNEAE EAST AFRICAN ESC POSTS COLLECTIVE","RUCNEAE EAST AFRICAN ESC POSTS COLLECTIVE","LOCATION"
"RHMFIUU USEUCOM MACDILL AFB FL","RHMFIUU USEUCOM MACDILL AFB FL","LOCATION"
"RUCPD7Q""LWHINGTON DC","RUCPD7Q""LWHINGTON DC","LOCATION"
"RHMFIUU CDRUSAREUR HEIDELBERG GE","RHMFIUU CDRUSAREUR HEIDELBERG GE","LOCATION"
"RUCNPFP PARTNERSHIP FOR PEACE PROGRAM COLLECTIVE","RUCNPFP PARTNERSHIP FOR PEACE PROGRAM COLLECTIVE","LOCATION"
"RUEHZA WHA CENTAL AMERICAN COLLECTIVE","RUEHZA WHA CENTAL AMERICAN COLLECTIVE","LOCATION"
"A CIA WASHDCQ","A CIA WASHDCQ","LOCATION"
"RUEHZG NATO U COLLECTIVE","RUEHZG NATO U COLLECTIVE","LOCATION"
"Kosovo Pristina","Kosovo Pristina","LOCATION"
"RUERUCNISL OIC COLLECTIVE","RUERUCNISL OIC COLLECTIVE","LOCATION"
"RUEHMLR RPC MANILA","RUEHMLR RPC MANILA","LOCATION"
"Defense Attache Office Berlin","Defense Attache Office Berlin","LOCATION"
"RUCNUNP UN PEACEBUILDING COMMISSION COLLECTIVE","RUCNUNP UN PEACEBUILDING COMMISSION COLLECTIVE","LOCATION"
"Commander in Chief United States Army Pacific","Commander in Chief United States Army Pacific","LOCATION"
"CJTF HOA J","CJTF HOA J","LOCATION"
"MESSAGING COMM OFFICER","MESSAGING COMM OFFICER","LOCATION"
"RUCNCOM CARICOM COLLECTIVE","RUCNCOM CARICOM COLLECTIVE","LOCATION"
"RUEHPNH NVC PORTSMOUTH","RUEHPNH NVC PORTSMOUTH","LOCATION"
"Commander US Naval Forces Marianas","Commander US Naval Forces Marianas","LOCATION"
"COMUSFK SEOUL KOR","COMUSFK SEOUL KOR","LOCATION"
"ENVIRONMENT SCIENCE AND TECHNOLOGY COLLECTIVE","ENVIRONMENT SCIENCE AND TECHNOLOGY COLLECTIVE","LOCATION"
"Serbia Belgrade","Serbia Belgrade","LOCATION"
"Sudan Darfur Collective","Sudan Darfur Collective","LOCATION"
"Ukraine Kyiv","Ukraine Kyiv","LOCATION"
"Taiwan Taipei City","Taiwan Taipei City","LOCATION"
"RHMFISS FBI","RHMFISS FBI","LOCATION"
"Commander United States Forces Japan Fuchu","Commander United States Forces Japan Fuchu","LOCATION"
"RUEHC ALL NEAR EAST COLLECTIVE","RUEHC ALL NEAR EAST COLLECTIVE","LOCATION"
"RUEHZL EUROPEAN POLAD COLLECTIVE","RUEHZL EUROPEAN POLAD COLLECTIVE","LOCATION"
"RUCNMEM EU MEMBR STATES COLLECTIVE","RUCNMEM EU MEMBR STATES COLLECTIVE","LOCATION"
"CJTF-HOA J2X CAMP LEMONIER DJ","CJTF-HOA J2X CAMP LEMONIER DJ","LOCATION"
"RUEATRS DEP OF TREASURY WASHINGTON DC","RUEATRS DEP OF TREASURY WASHINGTON DC","LOCATION"
"RHMFIUU HQ USSOCOM MACDILL AFB FL","RHMFIUU HQ USSOCOM MACDILL AFB FL","LOCATION"
"RUVRAFI HQ AFRC INTEL ROBINS AFB GA PAB DOOM","RUVRAFI HQ AFRC INTEL ROBINS AFB GA PAB DOOM","LOCATION"
"RHMFISS USSOCOM SCSO MACDILL AFB FL","RHMFISS USSOCOM SCSO MACDILL AFB FL","LOCATION"
"RUCNNAF NORTH AF NEA AND SOUTH ASIAN COLLECTIVE","RUCNNAF NORTH AF NEA AND SOUTH ASIAN COLLECTIVE","LOCATION"
"RUEHSUN USUN ROME IT","RUEHSUN USUN ROME IT","LOCATION"
"ARAB ISRAELI CLLECTIVE","ARAB ISRAELI CLLECTIVE","LOCATION"
"AMCONSUL LEIPZIG","AMCONSUL LEIPZIG","LOCATION"
"RUCNNSG NUCLEAR SUPPLIERS COLLECTIVE","RUCNNSG NUCLEAR SUPPLIERS COLLECTIVE","LOCATION"
"RUWDQAC COGARD WASHINGTON DC CG-001 CG-DCO-I","RUWDQAC COGARD WASHINGTON DC CG-001 CG-DCO-I","LOCATION"
"RUCNMER MESUR COLLECTIVE","RUCNMER MESUR COLLECTIVE","LOCATION"
"MISSI MTCR COLLECTIVE","MISSI MTCR COLLECTIVE","LOCATION"
"RHMFIUU USSOCOM SCSO MACDILL AFB FL","RHMFIUU USSOCOM SCSO MACDILL AFB FL","LOCATION"
"RUEHPAA PRAIA","RUEHPAA PRAIA","LOCATION"
"Sweden Stockholm","Sweden Stockholm","LOCATION"
"Honduras Tegucigalpa","Honduras Tegucigalpa","LOCATION"
"NPT COLLECTIVE","NPT COLLECTIVE","LOCATION"
"United Nations (Vienna)","United Nations (Vienna)","LOCATION"
"PAGE 02  STATE 111883 211341Z","PAGE 02  STATE 111883 211341Z","LOCATION"
"PAGE 02  STATE 112700 222137Z","PAGE 02  STATE 112700 222137Z","LOCATION"
"Turkey Ankara","Turkey Ankara","LOCATION"
"Spain Barcelona","Spain Barcelona","LOCATION"
"RUEIAYF ATO LATIN AMERICA WASHINGTON DC","RUEIAYF ATO LATIN AMERICA WASHINGTON DC","LOCATION"
"RHMFIUU FBI","RHMFIUU FBI","LOCATION"
"CDR USAFRICOM STUTTGART GE","CDR USAFRICOM STUTTGART GE","LOCATION"
"CJTF-HOA J2Q QAMP LEMONIER DJ","CJTF-HOA J2Q QAMP LEMONIER DJ","LOCATION"
"CI ASHDC","CI ASHDC","LOCATION"
"0UEHOT AMEMBASQYQOTTAWA","0UEHOT AMEMBASQYQOTTAWA","LOCATION"
"DIRJIATF EAST","DIRJIATF EAST","LOCATION"
"Chief United States Military Training Mission to Saudi Arabia","Chief United States Military Training Mission to Saudi Arabia","LOCATION"
"ARCENT INTEL FT MCPHERSON GA","ARCENT INTEL FT MCPHERSON GA","LOCATION"
"RUEHC CENTRAL AMERICAN BASIN COLLECTIVE","RUEHC CENTRAL AMERICAN BASIN COLLECTIVE","LOCATION"
"FRG COLLECTIVE","FRG COLLECTIVE","LOCATION"
"RUCQSOC USSOCOM MACDILL AFB FL","RUCQSOC USSOCOM MACDILL AFB FL","LOCATION"
"RUEKJCS OASD WASHINGTON DC","RUEKJCS OASD WASHINGTON DC","LOCATION"
"RUCQVAB HQ USSOCOM INTEL OPS CEN MACDILL AFB FL","RUCQVAB HQ USSOCOM INTEL OPS CEN MACDILL AFB FL","LOCATION"
"CDRUSAKA KWAJALEIN MH","CDRUSAKA KWAJALEIN MH","LOCATION"
"Equatorial Guinea Malabo","Equatorial Guinea Malabo","LOCATION"
"Republic of Cape Verde Praia","Republic of Cape Verde Praia","LOCATION"
"DHS IP BP WASH DC","DHS IP BP WASH DC","LOCATION"
"RUCNEXC EXRBS COLLECTIVE","RUCNEXC EXRBS COLLECTIVE","LOCATION"
"SECSTATE JJJ","SECSTATE JJJ","LOCATION"
"NCTC WASHINGTON DC","NCTC WASHINGTON DC","LOCATION"
"COMSOCEUR VAIHINGEN GE","COMSOCEUR VAIHINGEN GE","LOCATION"
"RUCLRFA USDA WASHINGTON DC","RUCLRFA USDA WASHINGTON DC","LOCATION"
"RUEHIC ORG OF ISLAMIC CONFERENCE COLLECTIVE","RUEHIC ORG OF ISLAMIC CONFERENCE COLLECTIVE","LOCATION"
"RUEHWH WHA DIPL POSTS COLLECTIVE","RUEHWH WHA DIPL POSTS COLLECTIVE","LOCATION"
"RUCNAFG AFHANISTAN COLLECTIVE","RUCNAFG AFHANISTAN COLLECTIVE","LOCATION"
"COMUSKOREA J5 SEOUL KOR","COMUSKOREA J5 SEOUL KOR","LOCATION"
"The Association of Southeast Asian Nations","The Association of Southeast Asian Nations","LOCATION"
"Group Destinations All East Asian and Pacific Diplomatic Posts","Group Destinations All East Asian and Pacific Diplomatic Posts","LOCATION"
"CONVENTIONAL ARMED FORCES IN EUROPE COLLECTIVE","CONVENTIONAL ARMED FORCES IN EUROPE COLLECTIVE","LOCATION"
"Southern African Development Community","Southern African Development Community","LOCATION"
"MARITIME SECURITY COLLECTIVE","MARITIME SECURITY COLLECTIVE","LOCATION"
"RHMFISS USSOCOM MACDILL AFB FL","RHMFISS USSOCOM MACDILL AFB FL","LOCATION"
"RHMFIUU DTRA CT WASHINGTON DC","RHMFIUU DTRA CT WASHINGTON DC","LOCATION"
"RUEHZL EUROPEAN POLITICAL OLLECTIVE","RUEHZL EUROPEAN POLITICAL OLLECTIVE","LOCATION"
"CDRJTFB SOTO CANO HO","CDRJTFB SOTO CANO HO","LOCATION"
"ALCAN COLLECTIVE","ALCAN COLLECTIVE","LOCATION"
"RUEHC PROLIFERATION SECURITY COLLECTIVE","RUEHC PROLIFERATION SECURITY COLLECTIVE","LOCATION"
"Neo4jDOE","DOE","LOCATION"
"RUCNOSC ORGANIZATION FOR SECURITY IN EUROPE COLLECTIVE","RUCNOSC ORGANIZATION FOR SECURITY IN EUROPE COLLECTIVE","LOCATION"
"ALL CANADIAN POSTS COLLECTIVE","ALL CANADIAN POSTS COLLECTIVE","LOCATION"
"RUCNCLS SCA COLLECTIVE","RUCNCLS SCA COLLECTIVE","LOCATION"
"EC CARICOM COLLECTIVE","EC CARICOM COLLECTIVE","LOCATION"
"CDRUSARPAC FT SHAFTER HI APCW APOP","CDRUSARPAC FT SHAFTER HI APCW APOP","LOCATION"
"CDR USSOCOM MACDILL AFB FL","CDR USSOCOM MACDILL AFB FL","LOCATION"
"RUEHSD SECSTATE","RUEHSD SECSTATE","LOCATION"
"RHMFISS USAFCENT SHAW AFB SC","RHMFISS USAFCENT SHAW AFB SC","LOCATION"
"DISARMAMENT CONFERENCE COLLECTIVE","DISARMAMENT CONFERENCE COLLECTIVE","LOCATION"
"AMCONSUL HO CHI MINH","AMCONSUL HO CHI MINH","LOCATION"
"RUEHBS DEA BRUSSELS BE","RUEHBS DEA BRUSSELS BE","LOCATION"
"Majuro Majuro","Majuro Majuro","LOCATION"
"MESUR COLLECTIVE","MESUR COLLECTIVE","LOCATION"
"COMPACFLT PEARL HARBOR HI","COMPACFLT PEARL HARBOR HI","LOCATION"
"AMCONSUL HYDERABAD","AMCONSUL HYDERABAD","LOCATION"
"ALL NEAR EAST COLLECTIVE","ALL NEAR EAST COLLECTIVE","LOCATION"
"IO COLLECTIVE","IO COLLECTIVE","LOCATION"
"SECURITY OFFICER COLLECTIVE","SECURITY OFFICER COLLECTIVE","LOCATION"
"ATO LATIN AMERICA","ATO LATIN AMERICA","LOCATION"
"Commander Naval Sea Systems Command","Commander Naval Sea Systems Command","LOCATION"
"CIMS NTDB WASHINGTON DC","CIMS NTDB WASHINGTON DC","LOCATION"
"RUCNMTC MISSILE TECH CONTROL COLLECTIVE","RUCNMTC MISSILE TECH CONTROL COLLECTIVE","LOCATION"
"CIM NTDB","CIM NTDB","LOCATION"
"AFRICOM","AFRICOM","LOCATION"
"AFSAC WRIGHT PATTERSON AFB OH","AFSAC WRIGHT PATTERSON AFB OH","LOCATION"
"CDRUSASAC FT BELVOIR VA","CDRUSASAC FT BELVOIR VA","LOCATION"
"RUEHMEP THE MIDDLE EAST PARTNER COLLECTIVE","RUEHMEP THE MIDDLE EAST PARTNER COLLECTIVE","LOCATION"
"India Hyderabad","India Hyderabad","LOCATION"
"CIM NTDB WASHINGTON DC","CIM NTDB WASHINGTON DC","LOCATION"
"RHHMUNS COMSOCPAC HONOLULU HI","RHHMUNS COMSOCPAC HONOLULU HI","LOCATION"
"RHMFIU HQ BICE WASHINGTON DC","RHMFIU HQ BICE WASHINGTON DC","LOCATION"
"ATO EUROPE","ATO EUROPE","LOCATION"
"GIPNC GLOBAL INITIATIVE PARTNER NATIONS COLLECTIVE","GIPNC GLOBAL INITIATIVE PARTNER NATIONS COLLECTIVE","LOCATION"
"RHMFIUU FAA WASHINGTON ARTCC","RHMFIUU FAA WASHINGTON ARTCC","LOCATION"
"RUCNRCC REFUGEE COORDINATOR COLLECTIVE","RUCNRCC REFUGEE COORDINATOR COLLECTIVE","LOCATION"
"COGARD WASHINGTON DC","COGARD WASHINGTON DC","LOCATION"
"COMUSKOREA CC SEOUL KOR","COMUSKOREA CC SEOUL KOR","LOCATION"
"ALL EUROPE COLLECTIVE","ALL EUROPE COLLECTIVE","LOCATION"
"Switzerland Bern","Switzerland Bern","LOCATION"
"AID WORLDWIDE COLLECTIVE","AID WORLDWIDE COLLECTIVE","LOCATION"
"AFSOC HURLBURT FLD FL","AFSOC HURLBURT FLD FL","LOCATION"
"AMEQSSY MOSCOW","AMEQSSY MOSCOW","LOCATION"
"AOC AMCOM RESTONE ARSENAL AL","AOC AMCOM RESTONE ARSENAL AL","LOCATION"
"Neo4jAIAG","AIAG","LOCATION"
"DEPT OF STATE AIR WING PATRICK AFB FL","DEPT OF STATE AIR WING PATRICK AFB FL","LOCATION"
"AMCONSUL RIO DE JANIRO","AMCONSUL RIO DE JANIRO","LOCATION"
"SOUTHERN AF DEVELOP COMMU COLLECTIVE","SOUTHERN AF DEVELOP COMMU COLLECTIVE","LOCATION"
"RUCOWCA COGARD MIO EUROPE ROTTERDAM NL","RUCOWCA COGARD MIO EUROPE ROTTERDAM NL","LOCATION"
"RHMFIUU CDR USTRANSCOM SCOTT AFB IL","RHMFIUU CDR USTRANSCOM SCOTT AFB IL","LOCATION"
"DEPT OF HHS WASHINGTON DC","DEPT OF HHS WASHINGTON DC","LOCATION"
"Mexico Hermosillo","Mexico Hermosillo","LOCATION"
"DIA NMJIC-J2","DIA NMJIC-J2","LOCATION"
"DEPT OF EDUCATION WASHINGTON DC","DEPT OF EDUCATION WASHINGTON DC","LOCATION"
"RHMFISS H USCENTCOM MACDILL AFB FL","RHMFISS H USCENTCOM MACDILL AFB FL","LOCATION"
"COMUSCENTAF SHAW AFB SC","COMUSCENTAF SHAW AFB SC","LOCATION"
"DSCA WASHINGTON DC","DSCA WASHINGTON DC","LOCATION"
"ORGANIZATION OF THE ISLAMIC CONFERENCE COLLECTIVE","ORGANIZATION OF THE ISLAMIC CONFERENCE COLLECTIVE","LOCATION"
"EXPORT CONTROL AND RELATED BORDER SECURITY","EXPORT CONTROL AND RELATED BORDER SECURITY","LOCATION"
"RUCNCOM E CARICOM COLLECTIVE","RUCNCOM E CARICOM COLLECTIVE","LOCATION"
"RUEHWH COLLECTIVE WHA DIPL POSTS","RUEHWH COLLECTIVE WHA DIPL POSTS","LOCATION"
"COMUSKOREA SCJS SEOUL KOR","COMUSKOREA SCJS SEOUL KOR","LOCATION"
"GLOBAL INITIATIVE PARTNER NATIONS COLLECTIVE","GLOBAL INITIATIVE PARTNER NATIONS COLLECTIVE","LOCATION"
"RUCPDC NOAA NMFS WASHINGTON DC","RUCPDC NOAA NMFS WASHINGTON DC","LOCATION"
"CG III MEF CAMP COURTNEY JA","CG III MEF CAMP COURTNEY JA","LOCATION"
"RUEHXL IO COLLECTIVE","RUEHXL IO COLLECTIVE","LOCATION"
"RRT ERBIL","RRT ERBIL","LOCATION"
"CDRUSAREUR DCSOPS HEIDELBERG GE","CDRUSAREUR DCSOPS HEIDELBERG GE","LOCATION"
"RUCNGEC GECF COLLECTIVE","RUCNGEC GECF COLLECTIVE","LOCATION"
"NVC PORTSMOUTH","NVC PORTSMOUTH","LOCATION"
"RUEHZN ENV SCIENCE AND TECHNOLOGY COLLECTIVE","RUEHZN ENV SCIENCE AND TECHNOLOGY COLLECTIVE","LOCATION"
"RUEHIC OIC COLLECTIVE","RUEHIC OIC COLLECTIVE","LOCATION"
"Palau Koror","Palau Koror","LOCATION"
"RHHMUNB JIATF WEST","RHHMUNB JIATF WEST","LOCATION"
"COGARD HQSUPRTCOM WASHINGTON DC","COGARD HQSUPRTCOM WASHINGTON DC","LOCATION"
"AMEMASSY SEOUL","AMEMASSY SEOUL","LOCATION"
"Senegal Dakar","Senegal Dakar","LOCATION"
"Tajikistan Dushanbe","Tajikistan Dushanbe","LOCATION"
"CDR USNORTHCOM PETERSON AFB CO","CDR USNORTHCOM PETERSON AFB CO","LOCATION"
"BEIJING 6805-","BEIJING 6805-","LOCATION"
"RUEHZL EUROPEAN POLITICAL COLECTIVE","RUEHZL EUROPEAN POLITICAL COLECTIVE","LOCATION"
"RUCNMTC MTCR COLLECTIVE","RUCNMTC MTCR COLLECTIVE","LOCATION"
"RUCNNAR VIENNA NARCOTICS COLLECTIVE","RUCNNAR VIENNA NARCOTICS COLLECTIVE","LOCATION"
"PMA","PMA","LOCATION"
"Department of State","Department of State","LOCATION"
"COLLECTIVE SOUTHERN AFRICAN DEV COMM","COLLECTIVE SOUTHERN AFRICAN DEV COMM","LOCATION"
"ACQA","ACQA","LOCATION"
"BUMED WASHINGTON DC","BUMED WASHINGTON DC","LOCATION"
"RHMFISS NAVY IPO WASHINGTON DC","RHMFISS NAVY IPO WASHINGTON DC","LOCATION"
"RUEHMS MUQAT","RUEHMS MUQAT","LOCATION"
"AUSTRALIA GROUP COLLECTIVE","AUSTRALIA GROUP COLLECTIVE","LOCATION"
"South Africa Cape Town","South Africa Cape Town","LOCATION"
"Uruguay Montevideo","Uruguay Montevideo","LOCATION"
"AMCONSUL NAGOYA","AMCONSUL NAGOYA","LOCATION"
"RUCNCRI VIENNA CRIME COLLECTIVE","RUCNCRI VIENNA CRIME COLLECTIVE","LOCATION"
"RUEHZA WHA CENTRAL AMERICA COLLECTIVE","RUEHZA WHA CENTRAL AMERICA COLLECTIVE","LOCATION"
"CDRUSAREUR HEIDELBERG GE","CDRUSAREUR HEIDELBERG GE","LOCATION"
"CENTRAL AMERICAN BASIN COLLECTIVE","CENTRAL AMERICAN BASIN COLLECTIVE","LOCATION"
"Neo4jNONE","NONE","LOCATION"
"RUEHPG USDAO PRAGUE CZ","RUEHPG USDAO PRAGUE CZ","LOCATION"
"RUEAFCC FCC WASHINGTON DC","RUEAFCC FCC WASHINGTON DC","LOCATION"
"COMUSKOREA J2 SEOUL KOR","COMUSKOREA J2 SEOUL KOR","LOCATION"
"CDR USCENTCOM MACDILL AFB","CDR USCENTCOM MACDILL AFB","LOCATION"
"COGARD AMR NEW YORK NY","COGARD AMR NEW YORK NY","LOCATION"
"Somalia Somalia Collective","Somalia Somalia Collective","LOCATION"
"Tanzania Dar es Salaam","Tanzania Dar es Salaam","LOCATION"
"Neo4jAMB","AMB","LOCATION"
"EPA WASHINGTON DC","EPA WASHINGTON DC","LOCATION"
"Slovakia Bratislava","Slovakia Bratislava","LOCATION"
"RUEHFSI FSINFATC","RUEHFSI FSINFATC","LOCATION"
"RHMFISS HQ USSOCOM FP MACDILL AFB FL","RHMFISS HQ USSOCOM FP MACDILL AFB FL","LOCATION"
"RHMFISS COGARD WASHINGTON DC","RHMFISS COGARD WASHINGTON DC","LOCATION"
"RULSJGA COGARD WASHINGTON DC CG-5342 CG-ACO-I","RULSJGA COGARD WASHINGTON DC CG-5342 CG-ACO-I","LOCATION"
"FBI WASHINGTON DC","FBI WASHINGTON DC","LOCATION"
"BAGHDAD 6391-","BAGHDAD 6391-","LOCATION"
"PAGE 02  STATE 058107 051610Z","PAGE 02  STATE 058107 051610Z","LOCATION"
"Thailand Chiang Mai","Thailand Chiang Mai","LOCATION"
"LA PAZ JUN","LA PAZ JUN","LOCATION"
"Zambia Lusaka","Zambia Lusaka","LOCATION"
"Swaziland Mbabane","Swaziland Mbabane","LOCATION"
"Suriname Paramaribo","Suriname Paramaribo","LOCATION"
"Togo Lomé","Togo Lomé","LOCATION"
"Zimbabwe Harare","Zimbabwe Harare","LOCATION"
"Slovenia Ljubljana","Slovenia Ljubljana","LOCATION"
"Venezuela Caracas","Venezuela Caracas","LOCATION"
"USINT HAVANA","USINT HAVANA","LOCATION"
"Luxembourg Luxembourg","Luxembourg Luxembourg","LOCATION"
"SEOUL 1208-","SEOUL 1208-","LOCATION"
"Joint Task Force-Bravo, Soto Cano Air Base","Joint Task Force-Bravo, Soto Cano Air Base","LOCATION"
"RUEAIJU NIMA NAVY YARD","RUEAIJU NIMA NAVY YARD","LOCATION"
"GENEVA IO MISSIONS COLLECTIVE","GENEVA IO MISSIONS COLLECTIVE","LOCATION"
"RUEHZC USOFFICE EACTC","RUEHZC USOFFICE EACTC","LOCATION"
"RHMFIUU COGARD WASHINGTON DC","RHMFIUU COGARD WASHINGTON DC","LOCATION"
"Germany Hamburg","Germany Hamburg","LOCATION"
"RHMFISS SAF WASHINGTON DC","RHMFISS SAF WASHINGTON DC","LOCATION"
"RUCNGEC GAS EXPORTING COUNTRIES COLLECTIVE","RUCNGEC GAS EXPORTING COUNTRIES COLLECTIVE","LOCATION"
"RUEHPNH NVC PORTSMOUTH NH","RUEHPNH NVC PORTSMOUTH NH","LOCATION"
"RUCNMTC MISSI COLLECTIVE","RUCNMTC MISSI COLLECTIVE","LOCATION"
"Neo4jDHS","DHS","LOCATION"
"RUCNHAO HAGUE ADOPTION CONVENTION POSTS COLLECTIVE","RUCNHAO HAGUE ADOPTION CONVENTION POSTS COLLECTIVE","LOCATION"
"RUEHC SECSATE","RUEHC SECSATE","LOCATION"
"119FW HECTOR FIELD ND","119FW HECTOR FIELD ND","LOCATION"
"RUEAHQA HQ USAF SAF IA","RUEAHQA HQ USAF SAF IA","LOCATION"
"AUSGR AUSTRALIA GROUP COLLECTIVE","AUSGR AUSTRALIA GROUP COLLECTIVE","LOCATION"
"RHBDHUV CTF 151","RHBDHUV CTF 151","LOCATION"
"KOREA COLLECTIVE","KOREA COLLECTIVE","LOCATION"
"Vietnam Hanoi","Vietnam Hanoi","LOCATION"
"COGARD MIO EUROPE ROTTERDAM NL","COGARD MIO EUROPE ROTTERDAM NL","LOCATION"
"COMJTF-B SOTO CANO HO","COMJTF-B SOTO CANO HO","LOCATION"
"CDR JSOC FT BRAGG NC","CDR JSOC FT BRAGG NC","LOCATION"
"ALL SOUTH AND CENTRAL ASIA","ALL SOUTH AND CENTRAL ASIA","LOCATION"
"RUEHZL EURPEAN POLITICAL COLLECTIVE","RUEHZL EURPEAN POLITICAL COLLECTIVE","LOCATION"
"DEPT OF HHS","DEPT OF HHS","LOCATION"
"CAMP LEMONIER DJIBOUTI","CAMP LEMONIER DJIBOUTI","LOCATION"
"CARIBBEAN COLLECTIVE","CARIBBEAN COLLECTIVE","LOCATION"
"RUERHNA CDRUSASOC FT BRAGG NC","RUERHNA CDRUSASOC FT BRAGG NC","LOCATION"
"RUEHXX IO MISSION COLLECTIVE","RUEHXX IO MISSION COLLECTIVE","LOCATION"
"RUCNKOR KOREA COLLECTIVE","RUCNKOR KOREA COLLECTIVE","LOCATION"
"BAGHDAD 9306-","BAGHDAD 9306-","LOCATION"
"South and Central Asia Collective","South and Central Asia Collective","LOCATION"
"RUEHWD SADCC COLLECTIVE","RUEHWD SADCC COLLECTIVE","LOCATION"
"COMUSKOREA INTEL SEOUL KOR","COMUSKOREA INTEL SEOUL KOR","LOCATION"
"DPT OF COMMERCE","DPT OF COMMERCE","LOCATION"
"RHMCSUU CDR USSOCOM MACDILL AFB FL","RHMCSUU CDR USSOCOM MACDILL AFB FL","LOCATION"
"RHMCSUU HQ USSOCOM FP MACDILL AFB FL","RHMCSUU HQ USSOCOM FP MACDILL AFB FL","LOCATION"
"ALAFD ALL AFRICAN DIP POSTS COLLECTIVE","ALAFD ALL AFRICAN DIP POSTS COLLECTIVE","LOCATION"
"RUCQAAA USCINCCENT INTEL CEN","RUCQAAA USCINCCENT INTEL CEN","LOCATION"
"RULSJGA COGARD WASHINGTON DC","RULSJGA COGARD WASHINGTON DC","LOCATION"
"RHMFIUU HQ EPA WASHINGTON DC","RHMFIUU HQ EPA WASHINGTON DC","LOCATION"
"RUEHLMC MILENNIUM CHALLENGE CORP","RUEHLMC MILENNIUM CHALLENGE CORP","LOCATION"
"ALEDP ALL EUROPEAN DIPL POSTS COLLECTIVE","ALEDP ALL EUROPEAN DIPL POSTS COLLECTIVE","LOCATION"
"RUEOMCC COGARD WASHINGTON DC","RUEOMCC COGARD WASHINGTON DC","LOCATION"
"RHMFIUU COMUSKOREA J5 SEOUL KOR","RHMFIUU COMUSKOREA J5 SEOUL KOR","LOCATION"
"BANGUI 1452-","BANGUI 1452-","LOCATION"
"ABIDJAN 2743-","ABIDJAN 2743-","LOCATION"
"ACCRA 4953-","ACCRA 4953-","LOCATION"
"BANGUI 1487-","BANGUI 1487-","LOCATION"
"CDR JTF-BRAVO","CDR JTF-BRAVO","LOCATION"
"RUWMFD USAFRICOM STUTTGART GE","RUWMFD USAFRICOM STUTTGART GE","LOCATION"
"RUEHAST AMCONSUL ALMATY","RUEHAST AMCONSUL ALMATY","LOCATION"
"RUEAHLA HQ CIS IAO WASHINGTON DC","RUEAHLA HQ CIS IAO WASHINGTON DC","LOCATION"
"EST COLLECTIVE","EST COLLECTIVE","LOCATION"
"POLX","POLX","LOCATION"
"RHMFIUU MCESG QUANTICO VA","RHMFIUU MCESG QUANTICO VA","LOCATION"
"RUEHXE EASTERN EUROPEAN POSTS COLLECTIVE","RUEHXE EASTERN EUROPEAN POSTS COLLECTIVE","LOCATION"
"RUCNMCM MCC COMPACT COLLECTIVE","RUCNMCM MCC COMPACT COLLECTIVE","LOCATION"
"RUEHMD USDAO MADRID SP","RUEHMD USDAO MADRID SP","LOCATION"
"RHMFIUU VA CENTRAL OFC WASHINGTON DC","RHMFIUU VA CENTRAL OFC WASHINGTON DC","LOCATION"
"RUCNSAD SUTHERN AF DEVELOPMENT COMMUNITY COLLECTIVE","RUCNSAD SUTHERN AF DEVELOPMENT COMMUNITY COLLECTIVE","LOCATION"
"18WG KADENA AB JA","18WG KADENA AB JA","LOCATION"
"RHEHII VIENNA IAEA POSTS COLLECTIVE","RHEHII VIENNA IAEA POSTS COLLECTIVE","LOCATION"
"RUCNMTC MISSILE TECHNOLOGY REGIME","RUCNMTC MISSILE TECHNOLOGY REGIME","LOCATION"
"COMUSAFCENT SHAW AFB SC","COMUSAFCENT SHAW AFB SC","LOCATION"
"BAMAKO 1294-","BAMAKO 1294-","LOCATION"
"IAEA MEMBER STATES COLLECTIVE","IAEA MEMBER STATES COLLECTIVE","LOCATION"
"RUEHNA DEA HQS","RUEHNA DEA HQS","LOCATION"
"RUEAUSA HHS","RUEAUSA HHS","LOCATION"
"RUEABND DEA","RUEABND DEA","LOCATION"
"RUEASAC CDRUSASAC FT BELVOIR VA AMSAC-ME","RUEASAC CDRUSASAC FT BELVOIR VA AMSAC-ME","LOCATION"
"RHMFISS USCENTCOM POLITICAL ADVISOR MACDILL AFB FL","RHMFISS USCENTCOM POLITICAL ADVISOR MACDILL AFB FL","LOCATION"
"EAST AFRICAN ESC POSTS COLLECTIVE","EAST AFRICAN ESC POSTS COLLECTIVE","LOCATION"
"DAKAR 4221-","DAKAR 4221-","LOCATION"
"RUEILB NCTC WASH DC","RUEILB NCTC WASH DC","LOCATION"
"RHMFIUU MCESG QUANTICO VA LEGAL S-3","RHMFIUU MCESG QUANTICO VA LEGAL S-3","LOCATION"
"RUEHEPA HQ EPA","RUEHEPA HQ EPA","LOCATION"
"COMUSKOREA CP SEOUL KOR","COMUSKOREA CP SEOUL KOR","LOCATION"
"BAGHDAD 0976-","BAGHDAD 0976-","LOCATION"
"RUEHZL EUROPEQPOLITICAL COLLECTIVE","RUEHZL EUROPEQPOLITICAL COLLECTIVE","LOCATION"
"Conference on Disarmament (Geneva)","Conference on Disarmament (Geneva)","LOCATION"
"RUCOMAS NAS OCEANA VA","RUCOMAS NAS OCEANA VA","LOCATION"
"Multilateral Trade Negotiations (Geneva)","Multilateral Trade Negotiations (Geneva)","LOCATION"
"RUEHIC OICCO","RUEHIC OICCO","LOCATION"
"RUCLRFA USDA FAS WASHINGTON DC","RUCLRFA USDA FAS WASHINGTON DC","LOCATION"
"RHMFISS COMUSAFCENT SHAW AFB SC","RHMFISS COMUSAFCENT SHAW AFB SC","LOCATION"
"GENEVA CD COLLECTIVE","GENEVA CD COLLECTIVE","LOCATION"
"APP WINNIPEG","APP WINNIPEG","LOCATION"
"RUMIESS SOUTHCOM IESS MIAMI FL","RUMIESS SOUTHCOM IESS MIAMI FL","LOCATION"
"RUEAMDA MDA WASHINGTON DC","RUEAMDA MDA WASHINGTON DC","LOCATION"
"RULSDMK DEPT OF TRANS","RULSDMK DEPT OF TRANS","LOCATION"
"0816 0816 IMMED","0816 0816 IMMED","LOCATION"
"0816 0816 IMME","0816 0816 IMME","LOCATION"
"RUEHII IAEA POSTS COLLECTIVE VIENNA","RUEHII IAEA POSTS COLLECTIVE VIENNA","LOCATION"
"Iran Tehran","Iran Tehran","LOCATION"
"Somalia Mogadishu","Somalia Mogadishu","LOCATION"
"Turkey Istanbul","Turkey Istanbul","LOCATION"
"Turkey Izmir","Turkey Izmir","LOCATION"
"Taiwan American Institute Taiwan, Taipei","Taiwan American Institute Taiwan, Taipei","LOCATION"
"Europe U.S. Mission to European Union (formerly EC) (Brussels)","Europe U.S. Mission to European Union (formerly EC) (Brussels)","LOCATION"
"Russia Yekaterinburg","Russia Yekaterinburg","LOCATION"
"Vatican Vatican City","Vatican Vatican City","LOCATION"
"United Arab Emirates Dubai","United Arab Emirates Dubai","LOCATION"
"US Delegation, Secretary","US Delegation, Secretary","LOCATION"
"Switzerland U.S. Mission in Switzerland","Switzerland U.S. Mission in Switzerland","LOCATION"
"Iraq Mosul","Iraq Mosul","LOCATION"
"Japan Osaka-Kobe","Japan Osaka-Kobe","LOCATION"
"Italy Naples","Italy Naples","LOCATION"
"Mexico Monterrey","Mexico Monterrey","LOCATION"
"Germany Leipzig","Germany Leipzig","LOCATION"
"South Africa Durban","South Africa Durban","LOCATION"
"Four Party Joint Military Team","Four Party Joint Military Team","LOCATION"
"United Nations Educational, Scientific and Cultural Organization (UNESCO)","United Nations Educational, Scientific and Cultural Organization (UNESCO)","LOCATION"
"Mexico Tijuana","Mexico Tijuana","LOCATION"
"Mexico Matamoros","Mexico Matamoros","LOCATION"
"Mexico Nuevo Laredo","Mexico Nuevo Laredo","LOCATION"
"** Dhahran","** Dhahran","LOCATION"
"United Nations (Rome)","United Nations (Rome)","LOCATION"
"Deputy Under Secretary of State for Management","Deputy Under Secretary of State for Management","LOCATION"
